Program, Project, StartupTime(ms)
Eclipse, Cake, 12634
Eclipse, Cake, 11968
Eclipse, Cake, 12269
Eclipse, Cake, 12008
Eclipse, Cake, 12155
Eclipse, Cake, 12097
Eclipse, Cake, 12154
Eclipse, Cake, 12570
Eclipse, Cake, 12094
Eclipse, Cake, 12301
Eclipse, Cake, 12154
Eclipse, Cake, 12269
Eclipse, Cake, 12097
Eclipse, Cake, 12269
Eclipse, Cake, 12155
Eclipse, Cake, 12634
Eclipse, Cake, 11968
Eclipse, Cake, 12570
Eclipse, Cake, 11968
Eclipse, Cake, 12301
Eclipse, Cake, 12008
Eclipse, Cake, 12301
Eclipse, Cake, 12094
Eclipse, Cake, 12154
Eclipse, Cake, 12155
Eclipse, Cake, 12634
Eclipse, Cake, 12094
Eclipse, Cake, 12570
Eclipse, Cake, 12008
Eclipse, Cake, 12097
